{"elements": [{"pins": [{"comment": "", "x": 0, "y": 0, "iv_curves": [{"measurement_settings": {"sampling_rate": 2000000, "internal_resistance": 47500.0, "max_voltage": 12.0, "probe_signal_frequency": 100000}, "voltages": [-0.31485557556152344, 0.1370229721069336, 0.3968634605407715, 0.6136355400085449, 0.7825660705566406, 0.8603153228759766, 0.8552541732788086, 0.7948770523071289, 0.6288003921508789, 0.41000843048095703, 0.1455678939819336, -0.13235187530517578, -0.3920927047729492, -0.7391242980957031, -0.8762664794921875, -0.8460507392883301, -0.7351598739624023, -0.5704174041748047, -0.3530569076538086, -0.07066822052001953], "currents": [-0.00023824626207351684, -0.00021669839322566986, -0.0001736026406288147, -0.00011248258501291274, -4.011426866054535e-05, 3.6455199122428896e-05, 0.00010936561971902848, 0.00017156982421875, 0.00021846017241477966, 0.00024407367408275604, 0.00024583546817302706, 0.00022388102114200592, 0.00018037869036197662, 7.291042059659957e-05, -5.0142843276262284e-05, -0.00012061385810375214, -0.00017875245213508606, -0.00022022193670272826, -0.00024000804126262664, -0.00023621343076229095], "is_reference": true}]}, {"comment": "", "x": 0, "y": 0, "iv_curves": [{"measurement_settings": {"sampling_rate": 2000000, "internal_resistance": 47500.0, "max_voltage": 12.0, "probe_signal_frequency": 100000}, "voltages": [-0.2156972885131836, -0.6061639785766602, -0.768589973449707, -0.8463058471679688, -0.8480515480041504, -0.7690553665161133, -0.6168251037597656, -0.4117765426635742, -0.1607828140258789, 0.12287616729736328, 0.3755793571472168, 0.6112689971923828, 0.8135366439819336, 0.8367090225219727, 0.7515077590942383, 0.5810270309448242, 0.35819339752197266, 0.0895833969116211, -0.17986392974853516, -0.4381399154663086], "currents": [0.00019623468816280364, 0.00010828143358230591, 3.564208000898361e-05, -4.106291010975838e-05, -0.00011248258501291274, -0.0001718408763408661, -0.00021480108797550202, -0.00023689104616641998, -0.000236348956823349, -0.0002115485668182373, -0.00016560690104961396, -0.00010286058485507965, 1.721118576824665e-05, 0.00013240420818328856, 0.00019081383943557738, 0.00022943738102912902, 0.00024529336392879487, 0.0002378396987915039, 0.00020761847496032716, 0.0001581532508134842], "is_reference": true}]}, {"comment": "", "x": 0, "y": 0, "iv_curves": [{"measurement_settings": {"sampling_rate": 2000000, "internal_resistance": 47500.0, "max_voltage": 12.0, "probe_signal_frequency": 100000}, "voltages": [0.8706884384155273, 0.18436527252197266, -1.1243524551391602, -3.3346853256225586, -6.144392013549805, -9.134696006774902, -11.951309204101562, -14.25976276397705, -15.834488868713379, -16.40520477294922, -15.907390594482422, -14.308611869812012, -11.731385231018066, -8.375356674194336, -4.536589622497559, 0.9797964096069336, 1.317549705505371, 1.151839256286621, 0.9080896377563477, 0.5929384231567383], "currents": [0.00022984395921230315, 0.00021900226175785065, 0.00019921615719795227, 0.00017997214198112489, 0.00016289646923542023, 0.00014704051613807678, 0.0001318621188402176, 0.00011885208636522294, 0.00010719729214906693, 9.757528454065323e-05, 8.944401144981384e-05, 8.185479044914245e-05, 7.548530399799347e-05, 7.047104090452194e-05, 6.626988202333451e-05, 7.426561415195466e-05, 0.00016709762811660767, 0.00021249723434448243, 0.00023485822975635528, 0.00023336748778820038], "is_reference": true}]}, {"comment": "", "x": 0, "y": 0, "iv_curves": [{"measurement_settings": {"sampling_rate": 2000000, "internal_resistance": 47500.0, "max_voltage": 12.0, "probe_signal_frequency": 100000}, "voltages": [0.47565364837646484, 0.5685815811157227, 0.545863151550293, 0.41938114166259766, -0.16718769073486328, -1.402440071105957, -3.210078239440918, -5.339472770690918, -7.5145111083984375, -9.510316848754883, -11.11513614654541, -12.187506675720215, -12.572956085205078, -11.481101036071777, -8.784660339355469, -6.614995956420898, -4.051811218261719, -1.500868797302246, 0.4054899215698242, 0.6002073287963867], "currents": [0.0001604570895433426, 0.0002276756316423416, 0.00024149875342845917, 0.00023214779794216155, 0.00020843161642551423, 0.0001779393255710602, 0.00014460113644599915, 0.00011044976860284805, 7.860231399536133e-05, 5.109148472547531e-05, 3.089882992208004e-05, 1.8837444484233856e-05, 1.51783786714077e-05, 2.6562167331576347e-05, 5.908725410699844e-05, 8.659804612398148e-05, 0.00011112740635871887, 0.00013308179378509523, 0.00015774665772914887, 0.00020382386445999147], "is_reference": true}]}, {"comment": "", "x": 0, "y": 0, "iv_curves": [{"measurement_settings": {"sampling_rate": 2000000, "internal_resistance": 47500.0, "max_voltage": 12.0, "probe_signal_frequency": 100000}, "voltages": [-0.6053800582885742, -0.5348539352416992, -0.30631160736083984, 0.42795467376708984, 0.5878419876098633, 0.6086721420288086, 0.6087846755981445, 0.6160039901733398, 0.6320924758911133, 0.6000394821166992, 0.5667142868041992, 0.5135335922241211, 0.3110818862915039, -0.4229860305786133, -0.6169424057006836, -0.631108283996582, -0.6387605667114258, -0.6172170639038086, -0.6123533248901367, -0.5739555358886719], "currents": [-0.000208973690867424, -0.00023390957713127138, -0.00022062849998474122, -0.00019528603553771974, -0.00013850265741348266, -6.613434106111526e-05, 1.1925861239433289e-05, 8.727563917636871e-05, 0.00015273240208625794, 0.00020450150966644286, 0.0002352648079395294, 0.00024204085767269134, 0.0002274045944213867, 0.00020124898850917817, 9.974361211061478e-05, -2.588455006480217e-05, -9.947254508733749e-05, -0.00016086365282535554, -0.00020680534839630127, -0.00023201227188110351], "is_reference": true}]}, {"comment": "", "x": 0, "y": 0, "iv_curves": [{"measurement_settings": {"sampling_rate": 2000000, "internal_resistance": 47500.0, "max_voltage": 12.0, "probe_signal_frequency": 100000}, "voltages": [-0.9606761932373047, -3.7757253646850586, -5.091251373291016, -5.868521213531494, -6.06276273727417, -5.641646385192871, -4.643441200256348, -3.1448144912719727, -1.3186254501342773, 0.6427183151245117, 2.5661935806274414, 4.265799522399902, 6.063094139099121, 6.40560245513916, 5.9078168869018555, 4.768416404724121, 3.1866159439086914, 1.2834577560424805, -0.7038106918334961, -2.576239585876465], "currents": [-4.729689657688141e-05, -9.500036388635636e-05, -0.00011329571157693863, -0.00012088490277528763, -0.00011654821783304214, -0.00010082776099443435, -7.521425187587738e-05, -4.214709624648094e-05, -5.691894330084324e-06, 3.1034352257847784e-05, 6.464360654354095e-05, 9.215443581342697e-05, 0.00011519301682710647, 0.00011017872393131256, 9.201889485120773e-05, 6.45081028342247e-05, 2.9272591695189474e-05, -8.402318693697453e-06, -4.445094987750053e-05, -7.61629194021225e-05], "is_reference": true}]}, {"comment": "", "x": 0, "y": 0, "iv_curves": [{"measurement_settings": {"sampling_rate": 2000000, "internal_resistance": 47500.0, "max_voltage": 12.0, "probe_signal_frequency": 100000}, "voltages": [0.6131563186645508, 0.6095056533813477, 0.595768928527832, 0.5290460586547852, 0.3710050582885742, 0.057219505310058594, -0.33493709564208984, -0.7092504501342773, -1.0281133651733398, -1.2157630920410156, -1.2744598388671875, -1.2447781562805176, -1.102224349975586, -0.8413276672363281, -0.4956188201904297, 0.1561727523803711, 0.5483732223510742, 0.6075716018676758, 0.6141567230224609, 0.6216421127319336], "currents": [2.0328179001808167e-05, 0.00013985788822174072, 0.00019569259881973267, 0.00023133470118045807, 0.00024556441605091094, 0.00023851732909679413, 0.0002097868174314499, 0.00016086368262767793, 9.594900161027909e-05, 2.114131860435009e-05, -5.434400215744972e-05, -0.00012264667451381683, -0.00017861694097518922, -0.00021832464635372162, -0.000236348956823349, -0.00021602077782154083, -0.0001351146250963211, -6.166213378310204e-05, 1.6262544319033624e-05, 9.052816033363343e-05], "is_reference": true}]}, {"comment": "", "x": 0, "y": 0, "iv_curves": [{"measurement_settings": {"sampling_rate": 2000000,